power,fec_err_cnt,prbs_err_cnt,temperature
-16.19,65535,65535,36.7734375
-15.69,65535,65535,36.9921875
-15.19,21,0,37.28125
-14.69,0,0,37.50390625
