power,fec_err_cnt,prbs_err_cnt,temperature
-13.638412088894539,0,0,44.765625
-14.078088033856924,2,2,44.91796875
-13.610412600964155,0,0,45.17578125
