power,fec_err_cnt,prbs_err_cnt,temperature
-14.49487919026746,314029834,314029834,29.01171875
-14.036349565744736,4,4,28.7890625
-13.492127833298802,0,0,29.01171875
