power,fec_err_cnt,prbs_err_cnt,temperature
-15.84,65535,65535,37.5390625
-15.34,65535,65535,37.08984375
-14.84,3,0,37.16796875
-14.34,0,0,37.46484375
