power,fec_err_cnt,prbs_err_cnt,temperature
-15.70675767444833,0,0,26.94921875
-16.24760830516507,0,0,26.79296875
-16.71738671256437,0,0,26.84375
-17.18762039572162,0,0,26.79296875
-17.662375664922052,65535,65535,26.69140625
-17.197358556419438,0,0,26.94921875
