power,fec_err_cnt,prbs_err_cnt,temperature
-20.43,0,0,31.28125
-20.93,65535,65535,31.125
-20.43,65535,65535,31.33203125
-19.93,65535,65535,31.28125
-19.43,0,0,31.3828125
