power,fec_err_cnt,prbs_err_cnt,temperature
-14.293846837356494,0,0,27.62109375
-14.713570686102006,314114417,314114417,27.46484375
-14.288853819844523,14,14,27.72265625
-13.820837813926323,0,0,27.671875
