power,fec_err_cnt,prbs_err_cnt,temperature
-15.78,65535,65535,36.30078125
-15.28,294,0,36.5234375
-14.78,9,0,36.30078125
-14.28,0,0,36.375
