power,fec_err_cnt,prbs_err_cnt,temperature
-15.9,65535,65535,35.46484375
-15.4,33,0,36.046875
-14.9,0,0,35.75390625
