power,fec_err_cnt,prbs_err_cnt,temperature
-15.84,65535,65535,36.34765625
-15.34,65535,65535,36.421875
-14.84,6,0,36.421875
-14.34,0,0,36.49609375
