power,fec_err_cnt,prbs_err_cnt,temperature
-15.92,65535,65535,36.59375
-15.42,7,0,36.66796875
-14.92,0,0,36.23046875
