power,fec_err_cnt,prbs_err_cnt,temperature
-15.46,0,0,35.51171875
-15.96,88,0,35.4375
-16.46,65535,65535,35.4375
-15.96,48,0,35.7421875
-15.46,0,0,35.28515625
