power,fec_err_cnt,prbs_err_cnt,temperature
-20.58,65535,65535,37.28125
-20.08,65535,65535,37.57421875
-19.58,65535,65535,37.4296875
-19.08,65535,65535,37.50390625
-18.58,65535,65535,37.4296875
-18.08,255,0,37.57421875
-17.58,255,0,37.50390625
-17.08,255,0,37.6484375
-16.58,255,0,37.57421875
-16.08,255,0,37.35546875
-15.58,255,0,37.28125
-15.08,0,0,37.4296875
