power,fec_err_cnt,prbs_err_cnt,temperature
-15.95,65535,65535,37.71484375
-15.45,102,0,37.56640625
-14.95,4,0,36.9765625
-14.45,0,0,37.05078125
