power,fec_err_cnt,prbs_err_cnt,temperature
-13.56328257466777,2,2,26.453125
-13.157715231885884,0,0,28.25390625
