power,fec_err_cnt,prbs_err_cnt,temperature
-13.662377375595863,2,2,26.6953125
-13.190927549021122,0,0,26.84765625
