power,fec_err_cnt,prbs_err_cnt,temperature
-19.41,65535,65535,30.14453125
-18.91,0,0,30.08984375
