power,fec_err_cnt,prbs_err_cnt,temperature
-14.655144452394897,65535,65535,27.61328125
-14.212760020250496,65535,65535,27.46875
-13.749397600499506,24,24,27.61328125
-13.194469405054647,4,4,27.5390625
-12.658460936920836,0,0,27.5390625
