power,fec_err_cnt,prbs_err_cnt,temperature
-17.35,0,26,30.96875
-16.85,0,3,30.96875
-16.35,0,3,31.01953125
-15.85,0,3,31.17578125
-15.35,0,0,31.484375
