power,fec_err_cnt,prbs_err_cnt,temperature
-15.99,65535,65535,36.64453125
-15.49,19,0,36.94140625
-14.99,0,0,37.31640625
