power,fec_err_cnt,prbs_err_cnt,temperature
-13.617554145928226,2,2,27.46484375
-13.187569530678413,0,0,27.46484375
