power,fec_err_cnt,prbs_err_cnt,temperature
-15.58,4,0,37.23828125
-16.08,65535,65535,37.16015625
-15.58,1,0,37.38671875
-15.08,0,0,37.38671875
