power,fec_err_cnt,prbs_err_cnt,temperature
-15.71,65535,65535,36.859375
-15.21,16,0,36.70703125
-14.71,0,0,37.01171875
