power,fec_err_cnt,prbs_err_cnt,temperature
-13.634870296313332,0,0,27.87890625
-14.021447249114399,2,2,27.9296875
-13.556771394334202,0,0,27.9296875
