power,fec_err_cnt,prbs_err_cnt,temperature
-15.76,65535,65535,37.6875
-15.26,44,0,37.015625
-14.76,0,0,36.64453125
