power,fec_err_cnt,prbs_err_cnt,temperature
-15.95,65535,65535,35.234375
-15.45,65535,65535,35.3828125
-14.95,1,0,35.16015625
-14.45,0,0,35.53515625
