power,fec_err_cnt,prbs_err_cnt,temperature
-15.89,65535,65535,36.7578125
-15.39,65535,65535,36.68359375
-14.89,45,0,36.7578125
-14.39,0,0,36.4609375
