power,fec_err_cnt,prbs_err_cnt,temperature
-15.53,0,0,35.27734375
-16.03,41,0,35.34765625
-16.53,65535,65535,35.49609375
-16.03,95,0,35.27734375
-15.53,2,0,35.34765625
-15.03,0,0,35.34765625
