power,fec_err_cnt,prbs_err_cnt,temperature
-13.636174303220937,2,2,28.55078125
-13.143200520185161,0,0,28.39453125
