power,fec_err_cnt,prbs_err_cnt,temperature
-15.61,65535,65535,37.50390625
-15.11,6,0,37.57421875
-14.61,0,0,37.50390625
