power,fec_err_cnt,prbs_err_cnt,temperature
-20.58,65535,65535,37.72265625
-20.08,65535,65535,37.50390625
-19.58,65535,65535,37.4296875
-19.08,65535,65535,37.6484375
-18.58,65535,65535,37.6484375
-18.08,255,0,37.50390625
