power,fec_err_cnt,prbs_err_cnt,temperature
-20.58,65535,65535,37.50390625
-20.08,65535,65535,37.50390625
-19.58,65535,65535,37.13671875
-19.08,65535,65535,37.50390625
-18.58,65535,65535,37.35546875
-18.08,65535,65535,37.50390625
-17.58,255,0,37.6484375
-17.08,255,0,37.28125
-16.58,255,0,37.50390625
-16.08,255,0,37.35546875
-15.58,255,0,37.35546875
-15.08,255,0,37.50390625
-14.58,255,0,37.35546875
-14.08,255,0,37.35546875
-13.58,0,0,37.4296875
