power,fec_err_cnt,prbs_err_cnt,temperature
-15.76,65535,65535,35.609375
-15.26,5,0,35.68359375
-14.76,0,0,35.609375
