power,fec_err_cnt,prbs_err_cnt,temperature
-14.504903564105005,313942000,313942000,29.23046875
-14.06880148896059,2,2,29.23046875
-13.505142355699675,0,0,29.08203125
