power,fec_err_cnt,prbs_err_cnt,temperature
-16.08,65535,65535,39.62109375
-15.58,2,0,39.83984375
