power,fec_err_cnt,prbs_err_cnt,temperature
-15.620000000000001,85,0,35.16015625
-16.12,65535,65535,35.0078125
-15.620000000000001,78,0,35.234375
-15.120000000000001,1,0,35.609375
-14.620000000000001,0,0,35.234375
