power,fec_err_cnt,prbs_err_cnt,temperature
-23.28135060276533,8,8,28.0859375
-22.777676564577472,0,0,27.98046875
