power,fec_err_cnt,prbs_err_cnt,temperature
-22.879638780571945,0,0,30.84765625
-23.39522525930012,65535,65535,30.7734375
-22.893639924220423,0,0,30.84765625
