power,fec_err_cnt,prbs_err_cnt,temperature
-13.653000976310468,2,2,27.65625
-13.195140055942154,0,0,28.390625
