power,fec_err_cnt,prbs_err_cnt,temperature
-19.35,65535,65535,31.484375
-18.85,65535,65535,31.3828125
-18.35,0,0,31.43359375
