power,fec_err_cnt,prbs_err_cnt,temperature
-17.88,0,987,31.33203125
-17.38,0,60,31.43359375
-16.88,0,6,31.33203125
-16.38,0,0,31.07421875
