power,fec_err_cnt,prbs_err_cnt,temperature
-13.651309331792499,0,0,27.23046875
-14.090913215456025,2,2,27.23046875
-13.610507344410124,0,0,27.23046875
