power,fec_err_cnt,prbs_err_cnt,temperature
-17.76,0,1615,30.453125
-17.26,0,71,30.453125
-16.76,0,3,30.40234375
-16.26,0,3,30.76171875
-15.76,0,0,31.2265625
