power,fec_err_cnt,prbs_err_cnt,temperature
-13.65834203538109,0,0,28.4375
-14.078287962775185,2,2,28.4375
-13.671956134364041,2,2,28.734375
-13.225764750665924,2,2,28.80859375
-12.691660641221835,0,0,29.1015625
