power,fec_err_cnt,prbs_err_cnt,temperature
-20.36,0,0,31.8984375
-20.86,65535,65535,31.640625
-20.36,65535,65535,31.74609375
-19.86,65535,65535,31.84765625
-19.36,65535,65535,31.484375
-18.86,39554,65535,31.69140625
-18.36,0,1158,31.74609375
-17.86,0,18,31.84765625
-17.36,0,2,31.58984375
-16.86,0,0,31.69140625
