power,fec_err_cnt,prbs_err_cnt,temperature
-13.642147644663483,4,4,29.078125
-13.207720339671532,3,3,29.00390625
-12.661746263276246,0,0,28.8515625
