power,fec_err_cnt,prbs_err_cnt,temperature
-9.370402875197726,0,0,24.00390625
-9.937821970427931,0,0,23.953125
-10.411044310825886,0,0,23.953125
-10.873781195713708,0,0,23.8984375
-11.358557322627664,0,0,23.84765625
-11.876810312577923,0,0,23.953125
-12.386894787474356,8,0,24.0546875
-12.867279191261048,270,0,23.84765625
-13.31032928005158,3290,9,23.796875
-12.861165016258608,304,0,23.953125
-12.387007653972098,23,0,23.953125
-11.912915283758727,0,0,23.84765625
