power,fec_err_cnt,prbs_err_cnt,temperature
-15.75,33,0,35.1796875
-16.25,65535,65535,35.109375
-15.75,28,0,35.03515625
-15.25,0,0,35.1796875
