power,fec_err_cnt,prbs_err_cnt,temperature
-15.83,65535,65535,35.97265625
-15.33,17,0,36.1171875
-14.83,0,0,35.97265625
