power,fec_err_cnt,prbs_err_cnt,temperature
-13.638412088894539,0,0,46.40234375
-14.13086534415449,2,2,46.09765625
-13.661529643822309,2,2,46.328125
-13.22168658949338,0,0,46.78515625
