power,fec_err_cnt,prbs_err_cnt,temperature
-14.654903439484704,313979795,313979795,28.85546875
-14.18112891814365,4,4,28.9296875
-13.6240621238769,2,2,28.77734375
-13.151869424523426,2,2,28.9296875
-12.708506053471737,0,0,28.77734375
