power,fec_err_cnt,prbs_err_cnt,temperature
-19.41,0,0,30.08984375
-19.91,65535,65535,30.296875
-19.41,65535,65535,30.24609375
-18.91,0,0,30.40234375
