power,fec_err_cnt,prbs_err_cnt,temperature
-14.63654969644315,314423612,314423612,28.85546875
-14.17922994543977,12,12,28.703125
-13.63020916630473,2,2,29.00390625
-13.157131196139588,2,2,28.77734375
-12.713183885255553,0,0,28.5546875
