power,fec_err_cnt,prbs_err_cnt,temperature
-22.867006054114764,65535,65535,31.21484375
-22.394026276287924,65535,65535,30.9921875
-21.769119820440377,0,0,31.140625
