power,fec_err_cnt,prbs_err_cnt,temperature
-13.588115469159142,0,0,28.86328125
-14.005164880044095,2,2,28.7890625
-13.559239662892622,0,0,28.421875
