power,fec_err_cnt,prbs_err_cnt,temperature
-15.81,65535,65535,35.58984375
-15.31,2,0,35.7421875
-14.81,0,0,35.58984375
