power,fec_err_cnt,prbs_err_cnt,temperature
-14.509685220177042,26,26,29.37890625
-14.073958228835897,4,4,29.08203125
-13.506592988004948,0,0,29.08203125
