power,fec_err_cnt,prbs_err_cnt,temperature
-14.498744217426287,313965877,313965877,28.9375
-14.045875589080545,4,4,29.01171875
-13.514389913514071,0,0,29.08203125
