power,fec_err_cnt,prbs_err_cnt,temperature
-9.481435262600604,0,0,24.0546875
-10.006545404825328,0,0,24.10546875
-10.521816616021187,0,0,24.10546875
-10.977321501256531,0,0,24.10546875
-11.455184536582593,0,0,24.15625
-11.967853648317213,0,0,23.84765625
-12.472142620858431,1,0,24.26171875
-12.927543888644937,28,0,24.00390625
-13.426754268827379,586,6,24.0546875
-13.320653875241122,300,0,24.0546875
-13.198875844683954,0,0,24.10546875
