power,fec_err_cnt,prbs_err_cnt,temperature
-15.312835284845276,0,0,28.9296875
-15.801251732298503,314081098,314081098,29.00390625
-15.35392729113029,314048311,314048311,29.00390625
-14.866385470596091,314061361,314061361,28.9296875
-14.286464336131457,12,12,29.15234375
-13.812669909124807,0,0,29.00390625
