power,fec_err_cnt,prbs_err_cnt,temperature
-16.08,65535,65535,39.546875
-15.58,65535,65535,39.546875
-15.08,720,0,42.7578125
-14.58,13,0,39.83984375
-14.08,0,0,42.6875
