power,fec_err_cnt,prbs_err_cnt,temperature
-13.643453838818813,4,4,28.47265625
-13.19396195429611,2,2,28.69921875
-12.667264791563893,0,0,28.77734375
