power,fec_err_cnt,prbs_err_cnt,temperature
-15.64,65535,65535,35.1796875
-15.14,65535,65535,35.25390625
-14.64,2,0,35.328125
-14.14,0,0,35.109375
