power,fec_err_cnt,prbs_err_cnt,temperature
-13.168259356884391,2,2,28.25390625
-12.702028649351744,0,0,28.62890625
