power,fec_err_cnt,prbs_err_cnt,temperature
-20.6,0,0,30.453125
-21.1,65535,65535,30.50390625
-20.6,65535,65535,30.609375
-20.1,65535,65535,30.50390625
-19.6,0,0,31.01953125
