power,fec_err_cnt,prbs_err_cnt,temperature
-13.663881499181322,2,2,27.87890625
-13.221011826973504,0,0,28.25390625
