power,fec_err_cnt,prbs_err_cnt,temperature
-20.88,65535,65535,30.8671875
-20.38,0,0,31.58984375
