power,fec_err_cnt,prbs_err_cnt,temperature
-13.5722792220818,2,2,28.421875
-13.138877021798848,0,0,28.7890625
