power,fec_err_cnt,prbs_err_cnt,temperature
-17.54,0,274,31.5390625
-17.04,0,6,31.484375
-16.54,0,0,31.640625
