power,fec_err_cnt,prbs_err_cnt,temperature
-13.70803522539889,0,0,28.48046875
-14.141333666936223,2,2,28.1015625
-13.659370690325526,0,0,28.5546875
