power,fec_err_cnt,prbs_err_cnt,temperature
-13.61811358877443,2,2,27.56640625
-13.201389335677142,0,0,27.4140625
