power,fec_err_cnt,prbs_err_cnt,temperature
-20.58,0,0,37.57421875
-21.08,65535,65535,37.72265625
-20.58,65535,65535,37.50390625
-20.08,65535,65535,37.57421875
-19.58,65535,65535,37.4296875
-19.08,65535,65535,37.35546875
-18.58,65535,65535,37.57421875
-18.08,0,0,37.50390625
