power,fec_err_cnt,prbs_err_cnt,temperature
-9.287957267517058,0,0,24.41796875
-9.826055947968344,0,0,24.36328125
-10.309817516187987,0,0,24.36328125
-10.7619481921408,0,0,24.41796875
-11.238612868410744,0,0,24.15625
-11.764410069060178,0,0,24.3125
-12.2626839364277,1,0,24.3125
-12.76389191863508,14,0,24.46875
-13.186357301619504,155,3,24.51953125
-12.75779445197125,13,0,24.36328125
-12.259244873032284,0,0,24.41796875
