power,fec_err_cnt,prbs_err_cnt,temperature
-20.41,65535,65535,29.98828125
-19.91,0,0,26.37890625
