power,fec_err_cnt,prbs_err_cnt,temperature
-15.68,65535,65535,36.70703125
-15.18,65535,65535,36.93359375
-14.68,5,0,37.0859375
-14.18,1,0,36.859375
-13.68,0,0,37.01171875
