power,fec_err_cnt,prbs_err_cnt,temperature
-19.35,65535,65535,31.43359375
-18.85,0,23074,31.43359375
-18.35,3,41576,31.43359375
-17.85,0,41,31.5390625
-17.35,0,0,31.484375
