power,fec_err_cnt,prbs_err_cnt,temperature
-15.7,65535,65535,35.12890625
-15.2,65535,65535,35.12890625
-14.7,12,0,35.12890625
-14.2,0,0,35.49609375
