power,fec_err_cnt,prbs_err_cnt,temperature
-13.658805907908185,2,2,27.3828125
-13.194723153436446,0,0,27.23046875
