power,fec_err_cnt,prbs_err_cnt,temperature
-20.66,0,0,29.53125
-21.16,65535,65535,29.375
-20.66,65535,65535,29.375
-20.16,65535,65535,29.375
-19.66,0,0,30.50390625
