power,fec_err_cnt,prbs_err_cnt,temperature
-20.58,65535,65535,37.72265625
-20.08,65535,65535,37.57421875
-19.58,65535,65535,37.72265625
-19.08,65535,65535,37.72265625
-18.58,0,0,37.72265625
