power,fec_err_cnt,prbs_err_cnt,temperature
-19.35,65535,65535,31.43359375
-18.85,0,9767,31.43359375
-18.35,0,515,31.33203125
-17.85,0,12,31.3828125
-17.35,0,0,31.33203125
