power,fec_err_cnt,prbs_err_cnt,temperature
-16.08,255,0,37.35546875
-16.58,255,0,37.50390625
-17.08,255,0,37.50390625
-17.58,255,0,37.28125
-18.08,65535,65535,37.50390625
-17.58,255,0,37.13671875
-17.08,255,0,37.2109375
-16.58,255,0,37.2109375
-16.08,255,0,37.28125
-15.58,255,0,37.2109375
-15.08,1,0,37.4296875
-14.58,0,0,37.35546875
