power,fec_err_cnt,prbs_err_cnt,temperature
-14.654193163439365,65535,65535,27.02734375
-14.223002941119065,65535,65535,27.02734375
-13.750736458027419,37,37,26.73046875
-13.195312266799302,4,4,26.66015625
-12.657123479386698,7,7,26.73046875
-12.187014130738964,0,0,26.73046875
