power,fec_err_cnt,prbs_err_cnt,temperature
-19.35,65535,65535,31.43359375
-18.85,0,0,31.33203125
