power,fec_err_cnt,prbs_err_cnt,temperature
-17.53,0,613,31.58984375
-17.03,0,27,31.5390625
-16.53,0,0,31.33203125
