power,fec_err_cnt,prbs_err_cnt,temperature
-15.59,65535,65535,35.12890625
-15.09,7,0,35.12890625
-14.59,1,0,35.203125
-14.09,0,0,35.49609375
