power,fec_err_cnt,prbs_err_cnt,temperature
-17.68,0,1141,30.66015625
-17.18,0,36,30.66015625
-16.68,0,6,30.66015625
-16.18,0,0,30.296875
