power,fec_err_cnt,prbs_err_cnt,temperature
-15.72,65535,65535,36.48046875
-15.22,65535,65535,36.78515625
-14.72,4,0,36.48046875
-14.22,0,0,36.70703125
