power,fec_err_cnt,prbs_err_cnt,temperature
-15.65,35,0,35.12890625
-16.15,65535,65535,35.203125
-15.65,75,0,35.203125
-15.15,2,0,35.421875
-14.65,0,0,35.421875
