power,fec_err_cnt,prbs_err_cnt,temperature
-13.672993080223545,2,2,46.94140625
-13.241492820217216,0,0,46.94140625
