power,fec_err_cnt,prbs_err_cnt,temperature
-13.213723782270995,2,2,27.65234375
-12.744138023644846,0,0,28.25390625
