power,fec_err_cnt,prbs_err_cnt,temperature
-16.03,65535,65535,35.91015625
-15.53,27,0,35.53515625
-15.03,0,0,35.30859375
