power,fec_err_cnt,prbs_err_cnt,temperature
-13.64158509745348,2,2,29.02734375
-13.195901461617726,0,0,28.80859375
