power,fec_err_cnt,prbs_err_cnt,temperature
-15.43,2,0,35.359375
-15.93,65535,65535,35.359375
-15.43,3,0,35.4375
-14.93,0,0,35.359375
