power,fec_err_cnt,prbs_err_cnt,temperature
-13.672148329828813,2,2,28.75390625
-13.20611173477298,0,0,28.828125
