power,fec_err_cnt,prbs_err_cnt,temperature
-15.74,128,0,35.90234375
-16.24,65535,65535,35.97265625
-15.74,67,0,35.97265625
-15.24,3,0,36.046875
-14.74,0,0,35.609375
