power,fec_err_cnt,prbs_err_cnt,temperature
-15.64,15,0,36.5234375
-16.14,65535,65535,36.66796875
-15.64,17,0,36.375
-15.14,0,0,36.30078125
