power,fec_err_cnt,prbs_err_cnt,temperature
-13.644016628157056,2,2,29.00390625
-13.201389335677142,0,0,28.69921875
