power,fec_err_cnt,prbs_err_cnt,temperature
-14.28982747570197,12,12,27.7734375
-13.822198880901958,0,0,27.62109375
