power,fec_err_cnt,prbs_err_cnt,temperature
-14.656793847023714,65535,65535,27.39453125
-14.214043362527832,65535,65535,27.61328125
-13.750736458027419,19,19,27.61328125
-13.195140055942154,2,2,27.61328125
-12.658020411405385,2202,2202,27.5390625
-12.181269151934227,0,0,27.6875
