power,fec_err_cnt,prbs_err_cnt,temperature
-9.410086978004463,0,0,24.0546875
-9.953970711302372,0,0,24.36328125
-10.425782976082445,0,0,24.2109375
-10.861059165515412,0,0,24.26171875
-11.34038356515908,0,0,24.26171875
-11.87813191162199,0,0,24.2109375
-12.38746668058242,2,0,24.26171875
-12.852763679372172,17,0,24.10546875
-13.288345655784482,349,3,24.3125
-12.913335508804465,40,0,24.36328125
-12.642749816157046,5,0,24.36328125
-12.203039644081649,0,0,24.41796875
