power,fec_err_cnt,prbs_err_cnt,temperature
-17.61,0,275,30.96875
-17.11,0,3,30.8671875
-16.61,0,3,30.91796875
-16.11,0,0,30.5546875
