power,fec_err_cnt,prbs_err_cnt,temperature
-13.66838689104119,2,2,28.4609375
-13.198014151980065,0,0,28.609375
