power,fec_err_cnt,prbs_err_cnt,temperature
-13.628536389269822,0,0,28.8828125
-14.028996343833048,2,2,28.80859375
-13.58774837351833,0,0,28.51171875
