power,fec_err_cnt,prbs_err_cnt,temperature
-17.55,0,487,31.28125
-17.05,0,15,31.484375
-16.55,0,3,31.43359375
-16.05,0,0,31.43359375
