power,fec_err_cnt,prbs_err_cnt,temperature
-15.7,69,0,37.6484375
-16.2,65535,65535,37.4296875
-15.7,113,0,37.35546875
-15.2,0,0,37.4296875
