power,fec_err_cnt,prbs_err_cnt,temperature
-14.6560832617657,65535,65535,27.6875
-14.224714360484798,65535,65535,27.76171875
-13.751694509421899,20,20,27.76171875
-13.195140055942154,2,2,27.46875
-12.658765326108053,0,0,27.6875
