power,fec_err_cnt,prbs_err_cnt,temperature
-15.629999999999999,65535,65535,35.0546875
-15.129999999999999,38,0,35.58984375
-14.629999999999999,1,0,35.7421875
-14.129999999999999,0,0,35.58984375
