power,fec_err_cnt,prbs_err_cnt,temperature
-13.146372030960238,2,2,28.1015625
-12.698421686460167,0,0,28.40234375
