power,fec_err_cnt,prbs_err_cnt,temperature
-20.62,65535,65535,30.50390625
-20.12,0,0,31.01953125
