power,fec_err_cnt,prbs_err_cnt,temperature
-16.08,65535,65535,36.05859375
-15.58,65535,65535,35.91015625
-15.08,65535,65535,35.984375
-14.58,221,0,36.2109375
-14.08,0,0,35.91015625
