power,fec_err_cnt,prbs_err_cnt,temperature
-9.47357991913778,0,0,24.0546875
-10.011036405080478,0,0,24.15625
-10.506897840624074,0,0,24.15625
-10.936557982341984,0,0,24.10546875
-11.460348460813076,0,0,24.15625
-11.94488947255106,0,0,24.26171875
-12.506765376384257,4,0,24.26171875
-12.978427069361826,77,0,24.15625
-13.354501572878041,419,6,24.15625
-13.101639131314048,76,3,24.10546875
-12.787377494935267,13,0,24.26171875
-12.345847954941206,0,0,24.26171875
