power,fec_err_cnt,prbs_err_cnt,temperature
-15.91,65535,65535,34.88671875
-15.41,21,0,35.03515625
-14.91,1,0,35.25390625
-14.41,0,0,35.328125
