power,fec_err_cnt,prbs_err_cnt,temperature
-15.54,65535,65535,34.1796875
-15.04,5,0,37.2734375
-14.54,0,0,38.7890625
