power,fec_err_cnt,prbs_err_cnt,temperature
-14.491249686998916,313986414,313986414,28.7890625
-14.036965647146582,4,4,29.15625
-13.500978131649713,0,0,29.23046875
