power,fec_err_cnt,prbs_err_cnt,temperature
-6.32318014565108,2,2,31.7265625
-5.802292376012295,0,0,31.58203125
