power,fec_err_cnt,prbs_err_cnt,temperature
-14.490797739063835,313992390,313992390,29.01171875
-14.03798897545915,0,0,29.08203125
