power,fec_err_cnt,prbs_err_cnt,temperature
-13.598834441277832,2,2,29.01171875
-13.15922510554195,0,0,29.15625
