power,fec_err_cnt,prbs_err_cnt,temperature
-17.77,0,708,30.76171875
-17.27,0,24,30.5546875
-16.77,0,3,30.5546875
-16.27,0,0,30.609375
