power,fec_err_cnt,prbs_err_cnt,temperature
-15.629999999999999,9,0,36.4609375
-16.13,65535,65535,36.609375
-15.629999999999999,6,0,36.4609375
-15.129999999999999,0,0,36.4609375
