power,fec_err_cnt,prbs_err_cnt,temperature
-16.18,65535,65535,37.50390625
-15.68,65535,65535,37.50390625
-15.18,9,0,37.6484375
-14.68,0,0,37.35546875
