power,fec_err_cnt,prbs_err_cnt,temperature
-20.65,65535,65535,29.2734375
-20.15,65535,65535,29.32421875
-19.65,0,0,29.58203125
