power,fec_err_cnt,prbs_err_cnt,temperature
-15.66,65535,65535,35.109375
-15.16,4,0,35.25390625
-14.66,0,0,35.546875
