power,fec_err_cnt,prbs_err_cnt,temperature
-20.58,0,0,37.6484375
-21.08,65535,65535,37.6484375
-20.58,65535,65535,37.6484375
-20.08,0,0,37.57421875
