power,fec_err_cnt,prbs_err_cnt,temperature
-10.80302120963065,118,118,40.98046875
-10.30302120963065,1,1,41.16015625
-9.80302120963065,2,2,41.23828125
-9.30302120963065,0,0,41.23828125
