power,fec_err_cnt,prbs_err_cnt,temperature
-10.810940633441122,0,0,40.33984375
-11.310940633441122,3338,3338,40.390625
-10.810940633441122,274,274,40.390625
-10.310940633441122,15,15,40.3671875
-9.810940633441122,3,3,40.625
-9.310940633441122,0,0,41.30078125
