power,fec_err_cnt,prbs_err_cnt,temperature
-10.809091475782783,86,86,39.81640625
-10.309091475782783,4,4,39.73828125
-9.809091475782783,1,1,39.81640625
-9.309091475782783,0,0,40.10546875
