power,fec_err_cnt,prbs_err_cnt,temperature
-10.810313152410538,166,166,40.640625
-10.310313152410538,6,6,40.5078125
-9.810313152410538,1,1,40.40625
-9.310313152410538,1,1,40.69140625
-8.810313152410538,0,0,40.875
