power,fec_err_cnt,prbs_err_cnt,temperature
-10.807870142717777,0,0,41.8203125
-11.307870142717777,2833,2833,41.84765625
-10.807870142717777,146,146,41.84765625
-10.307870142717777,0,0,41.76953125
