power,fec_err_cnt,prbs_err_cnt,temperature
-10.80424117963692,0,0,41.0078125
-11.30424117963692,3842,3842,40.8515625
-10.80424117963692,273,273,41.0859375
-10.30424117963692,0,0,41.109375
