power,fec_err_cnt,prbs_err_cnt,temperature
-10.811535172794391,221,221,38.10546875
-10.311535172794391,13,13,38.6796875
-9.811535172794391,1,1,39.84765625
-9.311535172794391,2,2,39.9765625
-8.811535172794391,0,0,41.19921875
