power,fec_err_cnt,prbs_err_cnt,temperature
-10.806352217577338,14,14,38.9296875
-10.306352217577338,1,1,39.23828125
-9.806352217577338,0,0,40.796875
