power,fec_err_cnt,prbs_err_cnt,temperature
-10.808497270849145,127,127,41.8984375
-10.308497270849145,11,11,41.9765625
-9.808497270849145,2,2,41.8984375
-9.308497270849145,2,2,41.6640625
-8.808497270849145,0,0,41.875
