power,fec_err_cnt,prbs_err_cnt,temperature
-10.80361466574653,630,630,42.296875
-10.30361466574653,16,16,42.34765625
-9.80361466574653,1,1,42.1640625
-9.30361466574653,0,0,42.42578125
