power,fec_err_cnt,prbs_err_cnt,temperature
-10.807870142717777,126,126,40.4921875
-10.307870142717777,4,4,40.390625
-9.807870142717777,0,0,40.7265625
