power,fec_err_cnt,prbs_err_cnt,temperature
-10.80424117963692,0,0,41.5859375
-11.30424117963692,35967,35967,41.5078125
-10.80424117963692,4813,4813,41.640625
-10.30424117963692,0,0,41.45703125
