power,fec_err_cnt,prbs_err_cnt,temperature
-10.804834802494463,1352,1352,41.03125
-10.304834802494463,0,0,41.05859375
