power,fec_err_cnt,prbs_err_cnt,temperature
-10.807276104852914,131,131,40.8203125
-10.307276104852914,5,5,40.94921875
-9.807276104852914,1,1,40.8203125
-9.307276104852914,0,0,40.8984375
