power,fec_err_cnt,prbs_err_cnt,temperature
-10.807870142717777,37,37,42.3515625
-10.307870142717777,2,2,42.3515625
-9.807870142717777,0,0,42.5859375
