power,fec_err_cnt,prbs_err_cnt,temperature
-10.806649153022342,321,321,39.70703125
-10.306649153022342,9,9,39.9140625
-9.806649153022342,2,2,39.94140625
-9.306649153022342,1,1,40.09765625
-8.806649153022342,0,0,40.796875
