power,fec_err_cnt,prbs_err_cnt,temperature
-10.812162830423562,496,496,41.76953125
-10.312162830423562,32,32,41.7421875
-9.812162830423562,2,2,41.8203125
-9.312162830423562,1,1,41.92578125
-8.812162830423562,0,0,41.875
