power,fec_err_cnt,prbs_err_cnt,temperature
-10.813980245604572,1657,1657,41.08203125
-10.313980245604572,157,157,41.0546875
-9.813980245604572,10,10,41.10546875
-9.313980245604572,2,2,40.94921875
-8.813980245604572,2,2,41.0546875
-8.313980245604572,0,0,41.1328125
