power,fec_err_cnt,prbs_err_cnt,temperature
-10.806055282132334,25,25,41.671875
-10.306055282132334,4,4,41.75
-9.806055282132334,0,0,42.140625
