power,fec_err_cnt,prbs_err_cnt,temperature
-10.808497270849145,406,406,40.20703125
-10.308497270849145,0,0,40.44140625
