power,fec_err_cnt,prbs_err_cnt,temperature
-10.808497270849145,76,76,40.95703125
-10.308497270849145,5,5,40.95703125
-9.808497270849145,2,2,41.0859375
-9.308497270849145,0,0,41.3984375
