power,fec_err_cnt,prbs_err_cnt,temperature
-10.801801582228055,0,0,41.71875
-11.301801582228055,1389,1389,41.71875
-10.801801582228055,100,100,41.69140625
-10.301801582228055,5,5,41.5859375
-9.801801582228055,0,0,41.71875
