power,fec_err_cnt,prbs_err_cnt,temperature
-10.801801582228055,18,18,37.328125
-10.301801582228055,0,0,39.8203125
