power,fec_err_cnt,prbs_err_cnt,temperature
-10.813980245604572,348,348,38.875
-10.313980245604572,40,40,39.16015625
-9.813980245604572,2,2,39.3671875
-9.313980245604572,1,1,39.625
-8.813980245604572,0,0,40.7421875
