power,fec_err_cnt,prbs_err_cnt,temperature
-10.801175420150171,1364,1364,40.75
-10.301175420150171,38,38,40.87890625
-9.801175420150171,4,4,40.77734375
-9.301175420150171,2,2,40.77734375
-8.801175420150171,0,0,40.984375
