power,fec_err_cnt,prbs_err_cnt,temperature
-10.812460183775704,0,0,40.92578125
-11.312460183775704,5557,5557,40.875
-10.812460183775704,0,0,40.9765625
