power,fec_err_cnt,prbs_err_cnt,temperature
-10.803927922691724,24,24,40.74609375
-10.303927922691724,3,3,40.82421875
-9.803927922691724,2,2,40.90234375
-9.303927922691724,0,0,40.98046875
