power,fec_err_cnt,prbs_err_cnt,temperature
-10.80302120963065,52,52,40.26171875
-10.30302120963065,5,5,40.5234375
-9.80302120963065,1,1,40.546875
-9.30302120963065,0,0,40.8359375
