power,fec_err_cnt,prbs_err_cnt,temperature
-10.801175420150171,736,736,40.85546875
-10.301175420150171,28,28,40.984375
-9.801175420150171,0,0,41.0625
