power,fec_err_cnt,prbs_err_cnt,temperature
-10.809091475782783,0,0,40.08984375
-11.309091475782783,1756,1756,40.453125
-10.809091475782783,89,89,40.4296875
-10.309091475782783,2,2,40.32421875
-9.809091475782783,2,2,40.5859375
-9.309091475782783,0,0,41.59765625
