power,fec_err_cnt,prbs_err_cnt,temperature
-10.809091475782783,43,43,39.73828125
-10.309091475782783,2,2,39.7890625
-9.809091475782783,2,2,40.359375
-9.309091475782783,0,0,41.0625
