power,fec_err_cnt,prbs_err_cnt,temperature
-10.806055282132334,35,35,41.5546875
-10.306055282132334,2,2,41.4765625
-9.806055282132334,0,0,41.58203125
