power,fec_err_cnt,prbs_err_cnt,temperature
-10.80302120963065,69,69,39.94921875
-10.30302120963065,0,0,40.3671875
