power,fec_err_cnt,prbs_err_cnt,temperature
-10.80361466574653,0,0,40.2578125
-11.30361466574653,22545,22545,40.59375
-10.80361466574653,0,0,40.69921875
