power,fec_err_cnt,prbs_err_cnt,temperature
-10.812162830423562,28,28,37.18359375
-10.312162830423562,3,3,37.57421875
-9.812162830423562,1,1,39.23828125
-9.312162830423562,0,0,40.37890625
