power,fec_err_cnt,prbs_err_cnt,temperature
-10.804834802494463,155,155,41.75390625
-10.304834802494463,12,12,41.8046875
-9.804834802494463,1,1,41.77734375
-9.304834802494463,0,0,42.24609375
