power,fec_err_cnt,prbs_err_cnt,temperature
-10.80424117963692,0,0,42.26953125
-11.30424117963692,939,939,42.296875
-10.80424117963692,0,0,42.3203125
