power,fec_err_cnt,prbs_err_cnt,temperature
-10.81490577757385,0,0,38.125
-11.31490577757385,7654,7654,38.125
-10.81490577757385,449,449,38.19921875
-10.31490577757385,15,15,38.05078125
-9.81490577757385,2,2,38.125
-9.31490577757385,2,2,38.5625
-8.81490577757385,0,0,38.4921875
