power,fec_err_cnt,prbs_err_cnt,temperature
-10.811535172794391,522,522,38.78125
-10.311535172794391,50,50,38.7109375
-9.811535172794391,4,4,38.78125
-9.311535172794391,0,0,38.78125
