power,fec_err_cnt,prbs_err_cnt,temperature
-10.815831486440265,774,774,36.49609375
-10.315831486440265,61,61,36.71875
-9.815831486440265,7,7,37.08984375
-9.315831486440265,2,2,37.08984375
-8.815831486440265,1,1,37.390625
-8.315831486440265,0,0,37.91015625
