power,fec_err_cnt,prbs_err_cnt,temperature
-10.815203298418405,715,715,37.76171875
-10.315203298418405,81,81,37.61328125
-9.815203298418405,2,2,37.8359375
-9.315203298418405,2,2,37.6875
-8.815203298418405,0,0,37.76171875
