power,fec_err_cnt,prbs_err_cnt,temperature
-10.815203298418405,0,0,37.61328125
-11.315203298418405,2720,2720,37.5390625
-10.815203298418405,188,188,37.5390625
-10.315203298418405,13,13,37.46484375
-9.815203298418405,1,1,37.6875
-9.315203298418405,2,2,37.6875
-8.815203298418405,0,0,37.76171875
