power,fec_err_cnt,prbs_err_cnt,temperature
-10.812162830423562,1429,1429,38.5625
-10.312162830423562,0,0,38.63671875
